"PSN Title","Title ID",Platform,Category,"Image URL"
"Doki Doki Literature Club Plus!",PPSA03733_00,,ps5_native_game,https://image.api.playstation.com/vulcan/ap/rnd/202106/0503/N7ihNMs56mxfYpLu3h7KjtGi.png
"STAR OCEAN First Departure R",CUSA16866_00,,ps4_game,https://image.api.playstation.com/gs2-sec/appkgo/prod/CUSA16866_00/1/i_7ccfbb1357ea3ee2310c66ad91da38b80f601fcffad6579f134f239683d8176d/i/icon0.png
"Mark of the Ninja: Remastered",CUSA13340_00,,ps4_game,https://image.api.playstation.com/gs2-sec/appkgo/prod/CUSA13340_00/2/i_a062d544d3454604d7f1e733eb0bda4a8f5a47a727a72842829dbe2a9ac21508/i/icon0.png
"Broken Sword - Shadow of the Templars: Reforged",PPSA21480_00,,ps5_native_game,https://image.api.playstation.com/vulcan/ap/rnd/202408/0508/fea1c4c6ec899c23fb483eae2f5c417b0de92cd173ce2ab7.png
"OCTOPATH TRAVELER II PS4＆PS5",PPSA09809_00,,ps5_native_game,https://image.api.playstation.com/vulcan/ap/rnd/202208/3005/IsX7DgPyVdZJf1ZGGNhB1RrI.png
Roblox,CUSA06122_00,,ps4_game,https://image.api.playstation.com/vulcan/ap/rnd/202309/1519/a8f7812fb2d0139ab7d0103ba945ef15708d30a626ffd5dc.png
YouTube,PPSA01651_00,,ps5_native_media_app,https://image.api.playstation.com/vulcan/ap/rnd/202009/3017/wYAvR9akyRjDjy75S4zCLAGi.png
"GrimGrimoire OnceMore",PPSA08947_00,,ps5_native_game,https://image.api.playstation.com/vulcan/ap/rnd/202302/1520/a10f8e3d0f1c68926ebeab716f8cffcebb2a3f706517f8ad.png
Balatro,PPSA21402_00,,ps5_native_game,https://image.api.playstation.com/vulcan/ap/rnd/202401/2211/07b7236708c1c0791eb7aaa6601d014f6a2b5b69b0bcda9f.png
"JIGSAW CHRONICLES: Heroes of Legend",PPSA25752_00,,ps5_native_game,https://image.api.playstation.com/vulcan/ap/rnd/202409/0510/7aeb2235911019e883524b41294937aa47f8e42f539a1d8e.png
"JigSaw Abundance",PPSA18944_00,,ps5_native_game,https://image.api.playstation.com/gs2-sec/appkgo/prod/CUSA19561_00/1/i_4612d9f825408af93782a0efb9ce0503e2ccee16c24d76a13b4c438552172f96/i/icon0.png
"Prince of Persia The Lost Crown",PPSA10528_00,,ps5_native_game,https://image.api.playstation.com/vulcan/ap/rnd/202305/2309/02a7644b160e11678ca5332d6e0eb5fdd87902aa3087d446.png
"Ghost of Yōtei",PPSA26344_00,,ps5_native_game,https://image.api.playstation.com/vulcan/ap/rnd/202504/2116/050bb77f895515e0b0e906b0b9d75b6174b37eece097b462.png
"AI: THE SOMNIUM FILES",CUSA15141_00,,ps4_game,https://image.api.playstation.com/vulcan/img/cfn/11307nK5ODd2nl1rYa0lG0YOVyqxNkDSSn-piqM0LkDSsS8sgKDZMlbAgAeU4L_ndpd_Rsau606yyNENTqWe3Oc2Di8l1_3_.png
"OCTOPATH TRAVELER PS4＆PS5",PPSA18287_00,,ps5_native_game,https://image.api.playstation.com/vulcan/ap/rnd/202405/0205/755f66e01ccc5a73558e7cecff799c7ce451ed362c9346a7.png
Crunchyroll,PPSA01942_00,,ps5_web_based_media_app,https://image.api.playstation.com/gs2-sec/appkgo/prod/CUSA00095_00/5/i_2027b533e8eefa12db0faf00bbb69f7598c1bbb1160a16ec684709397631ed60/i/icon0.png
"ASTRO BOT",PPSA21567_00,,ps5_native_game,https://image.api.playstation.com/vulcan/ap/rnd/202406/0500/8f15268257b878597757fcc5f2c9545840867bc71fc863b1.png
"Clair Obscur: Expedition 33",PPSA17599_00,,ps5_native_game,https://image.api.playstation.com/vulcan/ap/rnd/202501/2217/e5833a53529ff9879e87689f1e8b04d45ba7e6c97fa791e2.png
GRIS,PPSA09804_00,,ps5_native_game,https://image.api.playstation.com/vulcan/ap/rnd/202210/2621/erwvzuQhwWYIg8EJYkxawE8a.png
"LUNAR Remastered Collection",CUSA48262_00,,ps4_game,https://image.api.playstation.com/vulcan/ap/rnd/202410/1720/439c6ab11146c42b60275a3e14df74c2919f17d77f71eb6c.png
"Batu Ta Batu",CUSA20116_00,,ps4_game,https://image.api.playstation.com/vulcan/img/rnd/202108/1904/2lC2w3q7blL0GxaiFMvE1Qgw.png
"Lara Croft GO",CUSA06507_00,,ps4_game,https://image.api.playstation.com/gs2-sec/appkgo/prod/CUSA06507_00/5/i_8157f20f1b60c72bf25c0b639e40e097f9886c920daf3e6446e9e7b9abb587da/i/icon0.png
GNOSIA,PPSA16091_00,,ps5_native_game,https://image.api.playstation.com/vulcan/ap/rnd/202311/2908/b5d9161cad09fe839a02d0e35edc9ed901a650baa2caeac3.png
INDIKA,PPSA16214_00,,ps5_native_game,https://image.api.playstation.com/vulcan/ap/rnd/202310/1114/2ab11b93f3b922d21a0c77af4baf962952e4e4d4ac775641.png
"FINAL FANTASY VI",CUSA33838_00,,ps4_game,https://image.api.playstation.com/vulcan/ap/rnd/202212/0511/3tqbQ0Mjd0JwmcfGEGv6c4i6.png
"Sackboy: A Big Adventure",PPSA01288_00,,ps5_native_game,https://image.api.playstation.com/vulcan/img/rnd/202010/1614/TJiBEQMJ9qa93lWBu4sKScY9.png
"The Last of Us™ Part I",PPSA07642_00,,ps5_native_game,https://image.api.playstation.com/vulcan/ap/rnd/202206/0720/eEczyEMDd2BLa3dtkGJVE9Id.png
"Suikoden I&II HD Remaster Gate Rune and Dunan Unification Wars",PPSA18305_00,,ps5_native_game,https://image.api.playstation.com/vulcan/ap/rnd/202406/1109/ddaee47f81fcc76b84e52029da3b4ade4c949c9fedc68e95.png
"Disco Elysium - The Final Cut",PPSA03329_00,,ps5_native_game,https://image.api.playstation.com/vulcan/ap/rnd/202102/1011/mjNseThhuPx9VS6h8MmbtHRG.png
"LIVE A LIVE PS4&PS5",PPSA08178_00,,ps5_native_game,https://image.api.playstation.com/vulcan/ap/rnd/202302/0705/687de351073238313134f7f440fdb3ce7af7239697287bde.png
FullBlast,CUSA12344_00,,ps4_game,https://image.api.playstation.com/gs2-sec/appkgo/prod/CUSA12344_00/4/i_936b1b746f0f8b4270de70d5ab664052fcaf62b07661e8d588360497868dd449/i/icon0.png
"Pic-a-Pix Classic",CUSA15124_00,,ps4_game,https://image.api.playstation.com/gs2-sec/appkgo/prod/CUSA15124_00/1/i_0e1100b90eb7382b6179b3df4acb4db9f3c72cc013980a3db331c7ca23995332/i/icon0.png
"Mochi Mochi Boy",CUSA16347_00,,ps4_game,https://image.api.playstation.com/gs2-sec/appkgo/prod/CUSA16347_00/1/i_c8065862672b1ce1e62cf979cdb84c09e5090155b90d6214a97014868d59c5b0/i/icon0.png
"Unicorn Overlord",PPSA09771_00,,ps5_native_game,https://image.api.playstation.com/vulcan/ap/rnd/202310/1212/cac3f55580620af4a8668882618e2d776e27188be9c861d6.png
"It Takes Two  PS4™ & PS5™",PPSA02343_00,,ps5_native_game,https://image.api.playstation.com/vulcan/ap/rnd/202012/0815/0Xqi1LgRoEtJ5zlFprpd54Vu.png
"Ratchet & Clank™",CUSA01073_00,,ps4_game,https://image.api.playstation.com/vulcan/img/rnd/202011/1020/2sD70skhUEhaf3gwCWJsEfGt.png
"Life is Strange 2",CUSA08124_00,,ps4_game,https://image.api.playstation.com/gs2-sec/appkgo/prod/CUSA08124_00/1/i_78eb92c85379dbf319403736bdd17216bab71b95c2c04101ec1199986ef45313/i/icon0.png
"Life is Strange 2",CUSA09376_00,,ps4_game,https://image.api.playstation.com/gs2-sec/appkgo/prod/CUSA08124_00/1/i_78eb92c85379dbf319403736bdd17216bab71b95c2c04101ec1199986ef45313/i/icon0.png
"F1® 23",PPSA09802_00,,ps5_native_game,https://image.api.playstation.com/vulcan/ap/rnd/202311/2816/6a8e9cca68894033f83c2994933badd089bd33591a8f20eb.png
"Persona 3: Dancing in Moonlight",CUSA12810_00,,ps4_game,https://image.api.playstation.com/gs2-sec/appkgo/prod/CUSA12810_00/1/i_75e0c4acf9c7377ad238bc567ec4b152ed801ed1441243fa6ee7884670045df0/i/icon0.png
"Life is Strange: Before the Storm",CUSA08487_00,,ps4_game,https://image.api.playstation.com/gs2-sec/appkgo/prod/CUSA08487_00/4/i_db64c4f8ac81075af600732ab286889b2f9c01ad978cc5213aae1470fd8ec005/i/icon0.png
"Detroit: Become Human™",CUSA00717_00,,ps4_game,https://image.api.playstation.com/vulcan/img/rnd/202010/2119/wl4DB5QGzlEHAXy1KLUVgOAu.png
"Pic-a-Pix Pieces",CUSA14372_00,,ps4_game,https://image.api.playstation.com/gs2-sec/appkgo/prod/CUSA14372_00/1/i_b1d3187da4dbcae8d9adc686351f964c638e851988aa00f02551a53defcd0d62/i/icon0.png
"Corpse Party",CUSA26849_00,,ps4_game,https://image.api.playstation.com/vulcan/img/rnd/202109/2819/hv1FyW0hM3h4EjIRpBuhQAzD.png
"Pic-a-Pix Color",CUSA09956_00,,ps4_game,https://image.api.playstation.com/gs2-sec/appkgo/prod/CUSA09956_00/2/i_55ac6b18641a3734a097906ec97ec12bcfbf5124bfbbb49f5f4abdf0b3c42e37/i/icon0.png
"Learn Hiragana!!",CUSA37999_00,,ps4_game,https://image.api.playstation.com/vulcan/ap/rnd/202211/1013/v7IzoPYXi4AC3PmA0Mo6tvVO.png
"Learn Katakana!!",CUSA43833_00,,ps4_game,https://image.api.playstation.com/vulcan/ap/rnd/202305/3118/2e957877ff3eb657a1bbcf7149bb67c02dfa7877552d76a9.png
Deponia,CUSA03770_00,,ps4_game,https://image.api.playstation.com/cdn/UP1440/CUSA05922_00/LzYby61aMgucDrI1JBWxQYsTbreiv9x5.png
"The Great Ace Attorney Chronicles",CUSA17892_00,,ps4_game,https://image.api.playstation.com/vulcan/ap/rnd/202104/1207/stJIF1yVqivr1P3NoKwrsbRt.png
"Metaphor: ReFantazio",PPSA20799_00,,ps5_native_game,https://image.api.playstation.com/vulcan/ap/rnd/202405/2406/672cc5f97e84c564649093d4f6a3726f328e0de1814ab2e0.png
"WITCH ON THE HOLY NIGHT",CUSA34358_00,,ps4_game,https://image.api.playstation.com/vulcan/ap/rnd/202210/2406/eM0XtXBM3QYpf3hNBFVomykV.png
"Eiyuden Chronicle: Hundred Heroes",PPSA04722_00,,ps5_native_game,https://image.api.playstation.com/vulcan/ap/rnd/202309/0610/5ac881e0e3f0e361826382f894b4050776079eb18c1692ea.png
"Persona 3 Reload",PPSA10873_00,,ps5_native_game,https://image.api.playstation.com/vulcan/ap/rnd/202307/2601/85487475426de191c3c100b47ddc61f77c515b513948272e.png
"CHRONO CROSS: THE RADICAL DREAMERS EDITION",CUSA23909_00,,ps4_game,https://image.api.playstation.com/vulcan/ap/rnd/202202/0715/6V9D7uuzvJxQtDHgrAxLNc1O.png
"Fuga: Melodies of Steel",PPSA03703_00,,ps5_native_game,https://image.api.playstation.com/vulcan/ap/rnd/202107/1308/zNG7PBG8CFLGoLOQEqGEV94N.png
"Sea of Stars",PPSA07587_00,,ps5_native_game,https://image.api.playstation.com/vulcan/ap/rnd/202303/0921/500cf443c7a7e8a36a882c393ecb1d4a20b9c04bfef9ad57.png
"The Gardens Between",PPSA04580_00,,ps5_native_game,https://image.api.playstation.com/vulcan/ap/rnd/202108/1006/yfnLy15X9en69ddxdcgAaO5C.png
Tacoma,CUSA11515_00,,ps4_game,https://image.api.playstation.com/gs2-sec/appkgo/prod/CUSA11515_00/1/i_6e68538de4e3a3ba42fce344e37eedf4fa19570548046a519f331292c92cc74e/i/icon0.png
"Life Is Strange™",CUSA01435_00,,ps4_game,https://image.api.playstation.com/gs2-sec/appkgo/prod/CUSA01435_00/5/i_b9d71e8c5eef851e1c3c4f463bed26ec6a5fa2dd5200c82aa024a76ece672eee/i/icon0.png
"A Space for the Unbound",PPSA12231_00,,ps5_native_game,https://image.api.playstation.com/vulcan/ap/rnd/202211/1606/oXtps1uT1x0cAMxa6r1FtkhQ.png
"God of War Ragnarök",PPSA08330_00,,ps5_native_game,https://image.api.playstation.com/vulcan/ap/rnd/202503/2016/b69c06fb108299866057126b0d3a0530bdf96a39d2ce1cb9.png
"NEO: The World Ends with You",CUSA26377_00,,ps4_game,https://image.api.playstation.com/vulcan/ap/rnd/202104/0213/ecAMZOcjWvojqxB74cswNqhC.png
"Labyrinth of Galleria: The Moon Society",PPSA06591_00,,ps5_native_game,https://image.api.playstation.com/vulcan/ap/rnd/202010/1401/Jxl39vQllrC57CEudoKwogEw.png
"Marvel's Spider-Man 2",PPSA08338_00,,ps5_native_game,https://image.api.playstation.com/vulcan/ap/rnd/202306/1219/1c7b75d8ed9271516546560d219ad0b22ee0a263b4537bd8.png
"ROBOTICS;NOTES DaSH",CUSA19357_00,,ps4_game,https://image.api.playstation.com/vulcan/ap/rnd/202008/2123/REMDBz3Xvu4VUAlh3Bl94NmG.png
"SONY PICTURES CORE",PPSA18266_00,,ps5_web_based_media_app,https://image.api.playstation.com/vulcan/ap/rnd/202309/2721/b3b2c71cc47f2d8b7bf5b2c2c9ebb696b493a3c0558d4b5a.png
"The Legend of Heroes: Trails of Cold Steel IV",CUSA20034_00,,ps4_game,https://image.api.playstation.com/vulcan/ap/rnd/202008/1720/jeRWXMSv9MritwlMqlHFJOyz.png
"FINAL FANTASY XVI",PPSA10665_00,,ps5_native_game,https://image.api.playstation.com/vulcan/ap/rnd/202211/3007/lgFVhRm5BfoX02pRUt3lSmLV.png
"ROBOTICS;NOTES ELITE",CUSA17185_00,,ps4_game,https://image.api.playstation.com/vulcan/ap/rnd/202008/2123/DnmLziLnd3hSDo5IkkvG1zNH.png
"FINAL FANTASY XV",CUSA01615_00,,ps4_game,https://image.api.playstation.com/gs2-sec/appkgo/prod/CUSA01615_00/5/i_d0fdf4ae434e480b9536662f48df7f7180a4c75a96f410c97c76e3bd5f4ef27e/i/icon0.png
"The Legend of Heroes: Trails of Cold Steel III",CUSA15123_00,,ps4_game,https://image.api.playstation.com/gs2-sec/appkgo/prod/CUSA15123_00/2/i_7f25c937a7b7b116e05cbd6aa5af73dab421b365af16f5556bc33b16dc7fb369/i/icon0.png
"Tactics Ogre: Reborn",PPSA03840_00,,ps5_native_game,https://image.api.playstation.com/vulcan/ap/rnd/202206/0208/VOW9Xfriva3UNrBes4nyhTlq.png
NieR:Automata,CUSA04480_00,,ps4_game,https://image.api.playstation.com/vulcan/ap/rnd/202010/0604/gwDCkbeX5axMIavw9XrDvihp.png
"Marvel's Spider-Man: Miles Morales",CUSA17776_00,,unknown,https://image.api.playstation.com/vulcan/ap/rnd/202008/1020/T45iRN1bhiWcJUzST6UFGBvO.png
"HBO Max",CUSA31344_00,,ps4_nongame_mini_app,https://image.api.playstation.com/vulcan/ap/rnd/202208/3021/r0fJFILjG1yioy3rzLnmIjU5.png
"Assassin's Creed® Freedom Cry",CUSA00435_00,,ps4_game,https://image.api.playstation.com/gs2-sec/appkgo/prod/CUSA00435_00/1/i_22fd08ba55dffe7d490ddeb52ee140dbcad92b61bf44369e45700236533c53e4/i/icon0.png
Netflix,CUSA00127_00,,ps4_videoservice_web_app,https://image.api.playstation.com/vulcan/ap/rnd/202010/1422/i0AxG1FE1AMNq0KrcXepdYrd.png
YouTube,CUSA01116_00,,ps4_videoservice_web_app,https://image.api.playstation.com/vulcan/ap/rnd/202009/3017/wYAvR9akyRjDjy75S4zCLAGi.png
"God of War Ragnarök",CUSA34386_00,,unknown,https://image.api.playstation.com/vulcan/ap/rnd/202503/2016/b69c06fb108299866057126b0d3a0530bdf96a39d2ce1cb9.png
Disney+,CUSA15362_00,,ps4_videoservice_web_app,https://image.api.playstation.com/gs2-sec/appkgo/prod/CUSA15362_00/1/i_60c1f77bac313d5e85b78658a4e68f8bbb4a57456a2352dd3b1bbbb6eb3c4cbf/i/icon0.png
"Apple TV",CUSA24386_00,,ps4_nongame_mini_app,https://image.api.playstation.com/vulcan/ap/rnd/202009/3019/DC00zWHXgQNBE9D0hol8M53B.png
"Chained Echoes",CUSA29547_00,,ps4_game,https://image.api.playstation.com/vulcan/ap/rnd/202211/1611/6O2jAYhTUqhcJYYJeNex5oKJ.png
"Children of Morta",CUSA10646_00,,ps4_game,https://image.api.playstation.com/gs2-sec/appkgo/prod/CUSA10646_00/3/i_2d9413be89dc2ffaeb27a6730667a75358cca1f886da0e8e5be0d11330f0c78e/i/icon0.png
DEATHLOOP,PPSA01670_00,,ps5_native_game,https://image.api.playstation.com/vulcan/ap/rnd/202007/1617/Fv4asO4zbdqL83hiL9COTlWZ.png
"FINAL FANTASY IX",CUSA08918_00,,ps4_game,https://image.api.playstation.com/gs2-sec/appkgo/prod/CUSA08918_00/3/i_a9daeee440eec8e477f9b07170c2ac4a9b1a09faf52291e5312866aa4aefa081/i/icon0.png
"Labyrinth of Refrain : Coven of Dusk",CUSA10136_00,,ps4_game,https://image.api.playstation.com/gs2-sec/appkgo/prod/CUSA10136_00/2/i_df1f239a65b0b5ed15c4bd355cb89874ecb5793e2789656cad7afd6689f20396/i/icon0.png
"FINAL FANTASY VIII Remastered",CUSA08751_00,,ps4_game,https://image.api.playstation.com/gs2-sec/appkgo/prod/CUSA08751_00/1/i_48d7cdc1f6f4fb3cebfb0c7d54e3faea96d94de30608df8b8f36672eb17127db/i/icon0.png
Stray,PPSA02101_00,,ps5_native_game,https://image.api.playstation.com/vulcan/ap/rnd/202206/0300/E2vZwVaDJbhLZpJo7Q10IyYo.png
"PSYCHO-PASS MANDATORY HAPPINESS",CUSA05261_00,,ps4_game,https://image.api.playstation.com/gs2-sec/appkgo/prod/CUSA05261_00/2/i_0c97c1805d9bc9d8b3266a20ae2a25d3ecb34302c911557fd3ad66870acaa307/i/icon0.png
"NieR Replicant ver.1.22474487139…",CUSA18742_00,,ps4_game,https://image.api.playstation.com/vulcan/ap/rnd/202009/0404/IZEXjCSSvNkDE3AAb0iafW8k.png
"Sakuna: Of Rice and Ruin",CUSA17052_00,,ps4_game,https://image.api.playstation.com/vulcan/ap/rnd/202009/0421/LUMjBRzWYhwYltvFWpvCr4ct.png
"WORLDEND SYNDROME",CUSA15380_00,,ps4_game,https://image.api.playstation.com/gs2-sec/appkgo/prod/CUSA15380_00/5/i_5a4381b937978aa43a9c2c19329a6530e8750e5131950a696d50039ee7c69abb/i/icon0.png
"Valkyria Chronicles",CUSA03951_00,,ps4_game,https://image.api.playstation.com/gs2-sec/appkgo/prod/CUSA03951_00/2/i_ca60d5164e8777b41090e7fbcfa8cde23e6f86a9e35885d624a25b29fd58739d/i/icon0.png
"Phoenix Wright: Ace Attorney Trilogy",CUSA11512_00,,ps4_game,https://image.api.playstation.com/gs2-sec/appkgo/prod/CUSA11512_00/3/i_d006b2af0e7db1f5c9b4b35ca3c8b06556ecb4e24e81b5bddd87913c55ca2968/i/icon0.png
"Horizon Forbidden West",PPSA01521_00,,ps5_native_game,https://image.api.playstation.com/vulcan/ap/rnd/202010/2915/kifM3lnke5lExwRd96mIDojQ.png
Spotify,CUSA01780_00,,ps4_nongame_mini_app,https://image.api.playstation.com/vulcan/img/rnd/202010/0105/nkAJcbaKJ1N0YP7JuRd3DdTc.png
"Light Fairytale",CUSA30123_00,,ps4_game,https://image.api.playstation.com/vulcan/ap/rnd/202412/0612/ad329a9fe85fcb6c1ee40ca435c881d5e2a23f17aed7505f.png
"Light Fairytale",CUSA17129_00,,ps4_game,https://image.api.playstation.com/vulcan/ap/rnd/202412/0612/ad329a9fe85fcb6c1ee40ca435c881d5e2a23f17aed7505f.png
"Kentucky Route Zero: TV Edition",CUSA10030_00,,ps4_game,https://image.api.playstation.com/gs2-sec/appkgo/prod/CUSA10030_00/2/i_858c4669f240ab835e5d56cf935733f6a4e6fbace463ab7f042ebb710f3a6361/i/icon0.png
"Thronebreaker: The Witcher Tales",CUSA13478_00,,ps4_game,https://image.api.playstation.com/vulcan/ap/rnd/202010/0116/UfjDbCQxeQoV5GPC9T0a9fhX.png
"STEINS;GATE: My Darling's Embrace",CUSA16687_00,,ps4_game,https://image.api.playstation.com/gs2-sec/appkgo/prod/CUSA16687_00/1/i_f833d8646056ba7345139f93129b6f11fc23c792469d25d98e7905df58a60eb0/i/icon0.png
"Persona 5: Dancing in Starlight",CUSA12813_00,,ps4_game,https://image.api.playstation.com/gs2-sec/appkgo/prod/CUSA12813_00/1/i_b6072705701da538f500bba338ed3f77eed863352ecc8757325507c734c41adc/i/icon0.png
"Rocket League®",CUSA01433_00,,ps4_game,https://image.api.playstation.com/vulcan/ap/rnd/202511/2206/75450a69e4786f2941cc522892577c8e5e94d92c27340820.png
"The Walking Dead: The Final Season",CUSA12026_00,,ps4_game,https://image.api.playstation.com/gs2-sec/appkgo/prod/CUSA12026_00/2/i_b512f8d4c4b2881458e1441b0550790d2780e14a352f7f07c8ff6781ca26a1aa/i/icon0.png
"The Walking Dead: A New Frontier",CUSA06926_00,,ps4_game,https://image.api.playstation.com/gs2-sec/appkgo/prod/CUSA06926_00/1/i_e8e4b1cef91e9346095ae7474b458b503e5d54c948e2addfba997d58c6297fa1/i/icon0.png
"Root Film",CUSA18070_00,,ps4_game,https://image.api.playstation.com/vulcan/ap/rnd/202010/0809/mjGr3ZWuAEzVDVwMHENE2sC6.png
"Tales of Arise",PPSA02745_00,,ps5_native_game,https://image.api.playstation.com/vulcan/img/rnd/202107/2321/AEsEfC42YwowOdvJ1GXZqhhS.png
Control,PPSA01951_00,,ps5_native_game,https://image.api.playstation.com/vulcan/img/rnd/202102/0111/feFiOE59b8t3dKE25z85OJLV.png
Control,CUSA11454_00,,ps4_game,https://image.api.playstation.com/vulcan/img/rnd/202102/0111/feFiOE59b8t3dKE25z85OJLV.png
"Tearaway™ Unfolded",CUSA00562_00,,ps4_game,https://image.api.playstation.com/gs2-sec/appkgo/prod/CUSA00562_00/4/i_b0db3822afca8352d26f1294d67ba78276db91f16eec9f37e02571370a5cb3dd/i/icon0.png
"ASTRO's PLAYROOM",PPSA01325_00,,ps5_native_game,https://image.api.playstation.com/vulcan/ap/rnd/202502/1908/3d17c33239dab88c7e2f24af50140b3f6fa555e6030d5704.png
"Persona®5 Strikers",CUSA20040_00,,ps4_game,https://image.api.playstation.com/vulcan/ap/rnd/202011/0422/8wKy1fKfmlJ9AJEJaEwtWqb4.png
"Goat Simulator",CUSA02779_00,,ps4_game,https://image.api.playstation.com/gs2-sec/appkgo/prod/CUSA02779_00/2/i_c98010b0ff43591611194238a9c5b40b177db79952e654a76f567df458b46288/i/icon0.png
"Fall Guys: Ultimate Knockout",CUSA17714_00,,ps4_game,https://image.api.playstation.com/vulcan/img/rnd/202111/2417/mF8dzVidUT1N3JahQrIZFVk2.png
LittleBigPlanet™3,CUSA00063_00,,ps4_game,https://image.api.playstation.com/vulcan/img/rnd/202011/0523/uCNQSzE3APHneMXOdWeBAyeR.png
"Horizon Chase Turbo",CUSA11452_00,,ps4_game,https://image.api.playstation.com/gs2-sec/appkgo/prod/CUSA11452_00/3/i_a42413a289793af2e29ab07cf57e14241c6d9f1b13cbac2153d8da4f43dc0274/i/icon0.png
"Frozen Free Fall: Snowball Fight",CUSA02396_00,,ps4_game,https://image.api.playstation.com/vulcan/ap/rnd/202308/1513/1137be75a3352d139fd62edb4f785748765c5f14b7e2d284.png
"√Letter Root Letter　Last Answer",CUSA15629_00,,ps4_game,https://image.api.playstation.com/gs2-sec/appkgo/prod/CUSA15629_00/3/i_cb8db23f3b39ea1feaacc8c2f662f265350c288c182302b85830500e96a71f37/i/icon0.png
"DAYS GONE",CUSA09175_00,,ps4_game,https://image.api.playstation.com/vulcan/img/rnd/202011/1204/wYL4v2r8uMQFvVTJlfuj8ICk.png
"UNCHARTED: Legacy of Thieves Collection",CUSA00917_00,,ps4_game,https://image.api.playstation.com/vulcan/ap/rnd/202111/2000/gTUWTlvPHzxFJ2JAxtDyI2eS.png
"Marvel's Spider-Man: Miles Morales",PPSA01417_00,,ps5_native_game,https://image.api.playstation.com/vulcan/ap/rnd/202008/1020/T45iRN1bhiWcJUzST6UFGBvO.png
"13 Sentinels: Aegis Rim",CUSA19620_00,,unknown,https://image.api.playstation.com/gs2-sec/appkgo/prod/CUSA19620_00/3/i_a367a290508389e49c89bc300a78258563393e0c2f4ab3158539e9fcd8c5c64c/i/icon0.png
"Shadow Tactics",CUSA07792_00,,unknown,https://image.api.playstation.com/gs2-sec/appkgo/prod/CUSA07792_00/4/i_ffd583d536ebc8765f1e26edf9015eab18cba2ed7649e8fdb823f6ec617e7bfd/i/icon0.png
"Red Dead Redemption 2",CUSA08519_00,,ps4_game,https://image.api.playstation.com/gs2-sec/appkgo/prod/CUSA08519_00/12/i_3da1cf7c41dc7652f9b639e1680d96436773658668c7dc3930c441291095713b/i/icon0.png
"Ghost of Tsushima",CUSA13323_00,,ps4_game,https://image.api.playstation.com/vulcan/ap/rnd/202010/0222/niMUubpU9y1PxNvYmDfb8QFD.png
"428 Shibuya Scramble",CUSA11946_00,,unknown,https://image.api.playstation.com/gs2-sec/appkgo/prod/CUSA11946_00/3/i_bf0a0c6418084cb9a21f725a8a61d124b9f77b18563c151625e92f299f2e112a/i/icon0.png
"Rad TV",CUSA06742_00,,ps4_nongame_mini_app,https://image.api.playstation.com/vulcan/img/rnd/202012/0717/TbOG3UxXl7YSQxp21XLGqFmG.png
"Outer Wilds",CUSA09919_00,,unknown,https://image.api.playstation.com/vulcan/ap/rnd/202208/1623/Zofebh60Ue7Zt5sC10UAtU3D.png
"Marvel's Spider-Man",CUSA11993_00,,ps4_game,https://image.api.playstation.com/vulcan/ap/rnd/202011/0402/C784xeOFo2wViCf4m5bxgoeH.png
"Apex Legends™",CUSA12552_00,,ps4_game,https://image.api.playstation.com/vulcan/ap/rnd/202510/3021/fa3e4cebc108858052b320b683f9c9de248fce51b6645cbe.png
"Street Fighter V",CUSA01222_00,,ps4_game,https://image.api.playstation.com/gs2-sec/appkgo/prod/CUSA01222_00/6/i_2beaeca28e28f1b3a97c97ac132a80b4f99f7c721c4a40aac12a5bda140d0dcf/i/icon0.png
"MAGICKA® 2",CUSA01400_00,,ps4_game,https://image.api.playstation.com/gs2-sec/appkgo/prod/CUSA01400_00/4/i_aa9eebcc47b9b3c809be44dd2cb2262442b0aeb2c1afae0344bc9404bef50e40/i/icon0.png
"TRANSFORMERS: Devastation",CUSA01985_00,,not_found,https://image.api.playstation.com/gs2-sec/appkgo/prod/CUSA01985_00/3/i_3f8e356406d394a37546aff3851f2634b3acb6817a5f17ba78d6ca67b25e087b/i/icon0.png
"FINAL FANTASY VII REMAKE",CUSA07187_00,,ps4_game,https://image.api.playstation.com/gs2-sec/appkgo/prod/CUSA07187_00/5/i_3a90c0e006f2193b1adc12b9424372f4044439cadd6d91fda06c0a86c9c6acf2/i/icon0.png
"The Last of Us™ Part II",CUSA10249_00,,ps4_game,https://image.api.playstation.com/vulcan/img/rnd/202010/2618/w48z6bzefZPrRcJHc7L8SO66.png
"Media Player",CUSA02012_00,,ps4_nongame_mini_app,https://image.api.playstation.com/gs2-sec/appkgo/prod/CUSA02012_00/1/i_018d3114f496346e1705e2165d8980995ee1253dc9a85c8cc1bfb8ffff1856cb/i/icon0.png
Nioh,CUSA09995_00,,ps4_game,https://image.api.playstation.com/vulcan/img/rnd/202011/0700/Hsx91ywFFT0r6iRzcOS69FwD.png
HITMAN™,CUSA02369_00,,ps4_game,https://image.api.playstation.com/gs2-sec/appkgo/prod/CUSA02369_00/3/i_2c97ed4eeabb3e426f3fafa12dc38b9fa9e335baacec73ab394139b9e79bf5ef/i/icon0.png
"Dragon's Dogma: Dark Arisen",CUSA07340_00,,ps4_game,https://image.api.playstation.com/gs2-sec/appkgo/prod/CUSA07340_00/2/i_480b5c76d81953f36c5d285e51f48050576dd0c26ef3a933bc5f29163796ccbf/i/icon0.png
"Tricky Towers",CUSA05198_00,,ps4_game,https://image.api.playstation.com/gs2-sec/appkgo/prod/CUSA05198_00/5/i_583367fc5cb6db0cc61cabbb4a2b0ff9109088fa9936ce2c5652e52090b3a794/i/icon0.png
Overcooked,CUSA05399_00,,ps4_game,https://image.api.playstation.com/gs2-sec/appkgo/prod/CUSA05399_00/2/i_4180a5c9bef23d908ab9b492e9768264aab2c23571d593dc685aff391dd6c1d8/i/icon0.png
"Super Exploding Zoo",CUSA00446_00,,ps4_game,https://image.api.playstation.com/gs2-sec/appkgo/prod/CUSA00446_00/2/i_fa899d9cf1aba0d851fe9200f1ccc62328c7cbbc9e2a8e63902e14a9fb947db6/i/icon0.png
Crunchyroll,CUSA02644_00,,ps4_videoservice_web_app,https://image.api.playstation.com/gs2-sec/appkgo/prod/CUSA00095_00/5/i_2027b533e8eefa12db0faf00bbb69f7598c1bbb1160a16ec684709397631ed60/i/icon0.png
"Rayman Legends",CUSA00031_00,,ps4_game,https://image.api.playstation.com/gs2-sec/appkgo/prod/CUSA00031_00/1/i_de7f2d4471d56be1911987fdae0711e95cd6f21b0ae43c57c70d0bf785ae4acb/i/icon0.png
"Sonic Mania",CUSA07010_00,,ps4_game,https://image.api.playstation.com/gs2-sec/appkgo/prod/CUSA07010_00/3/i_ad76ec0060a76200ff44a8242a9204cb896f2f28444606d73b635fb7497468b8/i/icon0.png
"SEGA Mega Drive Classics",CUSA09771_00,,ps4_game,https://image.api.playstation.com/gs2-sec/appkgo/prod/CUSA09771_00/5/i_c5141d889517980db436366075c5aca091b70a81cdedc3fdffe0f267fa8476e0/i/icon0.png
"MLB® The Show™ 19",CUSA13355_00,,ps4_game,https://image.api.playstation.com/gs2-sec/appkgo/prod/CUSA13355_00/2/i_2274f0f428c86c2f53a96becda1465dc3f43a2484863b6c0bdf20b734ee862db/i/icon0.png
"The Escapists 2",CUSA06244_00,,ps4_game,https://image.api.playstation.com/gs2-sec/appkgo/prod/CUSA06244_00/3/i_3a4aa3da2b2c4165ee16399affacf6117c817d9fd2f116fd998447d91a2efd76/i/icon0.png
"NARUTO SHIPPUDEN: Ultimate Ninja STORM 4",CUSA02854_00,,ps4_game,https://image.api.playstation.com/gs2-sec/appkgo/prod/CUSA02854_00/2/i_312b49d77c370ee1797be4ee74d814909845f4d5c88fe18a6dc79f9c1982bfb4/i/icon0.png
"The Sexy Brutale",CUSA06819_00,,ps4_game,https://image.api.playstation.com/gs2-sec/appkgo/prod/CUSA06819_00/4/i_ea77588955b22449e2589753ba5bf4aacb4c99b80f0b64fdffd4ea4e6fe7b624/i/icon0.png
"Super Time Force Ultra",CUSA02013_00,,ps4_game,https://image.api.playstation.com/gs2-sec/appkgo/prod/CUSA02013_00/4/i_27035379eb4ee15817eefd29689b6096addd2e76d6d034fc1d8222e4b89a6d16/i/icon0.png
"Darkest Dungeon",CUSA05967_00,,ps4_game,https://image.api.playstation.com/gs2-sec/appkgo/prod/CUSA05967_00/3/i_3a50defa17e87207aad21d58eda923c2ee0113ad5e1a5a5a9496b8a26e37950c/i/icon0.png
"Don't Starve Together: Console Edition",CUSA04282_00,,ps4_game,https://image.api.playstation.com/gs2-sec/appkgo/prod/CUSA04282_00/4/i_460817da44f45dcfb85c1da2d9136a5d33022c91bb004a11241cd3749189de0e/i/icon0.png
"SHADOW OF THE COLOSSUS™",CUSA08809_00,,ps4_game,https://image.api.playstation.com/vulcan/img/rnd/202010/2319/XtqYrG2LWer39eExYBsh9J5x.png
"YAKUZA 3",CUSA15360_00,,ps4_game,https://image.api.playstation.com/gs2-sec/appkgo/prod/CUSA15360_00/2/i_87dcf565fdd3bb6cf223b8ee91dd792e179990c3e39d5341d8f2a7c37b26cdcc/i/icon0.png
"God of War",CUSA07410_00,,ps4_game,https://image.api.playstation.com/vulcan/img/rnd/202011/1021/X3WIAh63yKhRRiMohLoJMeQu.png
Minecraft,CUSA00265_00,,ps4_game,https://image.api.playstation.com/vulcan/ap/rnd/202407/0401/670c294ded3baf4fa11068db2ec6758c63f7daeb266a35a1.png
Bloodborne™,CUSA00207_00,,ps4_game,https://image.api.playstation.com/vulcan/img/rnd/202011/0713/WSZqsrnejjt85wYmUqeBQvMQ.png
Videoland,CUSA01763_00,,ps4_videoservice_web_app,https://image.api.playstation.com/gs2-sec/appkgo/prod/CUSA01763_00/1/i_74b54bdb3530b5be993a97fcfa961526ea559ca624f84a8e3b31d13e02c86bbd/i/icon0.png
"ASTRO BOT Rescue Mission",CUSA12392_00,,ps4_game,https://image.api.playstation.com/vulcan/img/rnd/202010/2716/XctlNDbp9eKmFiIR6JBuhKh4.png
Twitch,CUSA03398_00,,ps4_videoservice_web_app,https://image.api.playstation.com/vulcan/img/rnd/202010/1316/Ox5ZRVrJnq3bdPC3QaNeL6eB.png
"Ys VIII: Lacrimosa of DANA",CUSA08570_00,,ps4_game,https://image.api.playstation.com/vulcan/ap/rnd/202210/2518/bMuv7vzzj9bdbAnLDOTH3epv.png
"Tales of Berseria",CUSA05105_00,,ps4_game,https://image.api.playstation.com/gs2-sec/appkgo/prod/CUSA05105_00/3/i_7f4ad8b5454f17863981e140a3d3b8db2011b8cba9eff0418776f9e6a7f2d4bf/i/icon0.png
"Full Throttle Remastered",CUSA06701_00,,ps4_game,https://image.api.playstation.com/cdn/UP2154/CUSA06644_00/evG8Ps4Y3V0IqDeWIkWQ8bDvYT8MBxwB.png
"The Elder Scrolls V: Skyrim VR",CUSA08933_00,,ps4_game,https://image.api.playstation.com/vulcan/ap/rnd/202009/2820/8galiZfjE4UBwA70UbFmX77R.png
TEKKEN™7,CUSA06014_00,,ps4_game,https://image.api.playstation.com/gs2-sec/appkgo/prod/CUSA06014_00/3/i_1a82139fdf9aaeed91d74a6aef4e8c81e714779772e1f454da9c9afab7f9b3f3/i/icon0.png
STEEP,CUSA05526_00,,ps4_game,https://image.api.playstation.com/gs2-sec/appkgo/prod/CUSA05526_00/2/i_c8094d5d5778a7deb586d35a39a606beec8e8faf120802182960a69a51fcd45a/i/icon0.png
"Rabbids Invasion: The Interactive TV Show",CUSA01179_00,,ps4_game,https://image.api.playstation.com/gs2-sec/appkgo/prod/CUSA01179_00/5/i_515f4c2c720a32f174334637f02dab6f8c11640a84785e148e213793003ecc6b/i/icon0.png
"Persona 5: Dancing in Starlight",CUSA13575_00,,ps4_game,https://image.api.playstation.com/gs2-sec/appkgo/prod/CUSA12813_00/1/i_b6072705701da538f500bba338ed3f77eed863352ecc8757325507c734c41adc/i/icon0.png
"The Binding of Isaac: Rebirth",CUSA01344_00,,ps4_game,https://image.api.playstation.com/gs2-sec/appkgo/prod/CUSA01344_00/1/i_695cfd22042c9d42252145a6a2058958cce98bc04e965fa5cd9644a76ae30dbb/i/icon0.png
"Horizon Zero Dawn™",CUSA01021_00,,ps4_game,https://image.api.playstation.com/vulcan/ap/rnd/202010/0221/vC7trMorHJgbImp8PCQvpI0p.png
"PaRappa The Rapper™ Remastered",CUSA07172_00,,ps4_game,https://image.api.playstation.com/gs2-sec/appkgo/prod/CUSA07172_00/2/i_65b0e4760516864e71d2e4bb288755d404d6020f34c064139ea45ba878775a98/i/icon0.png
Batman,CUSA05603_00,,ps4_game,https://image.api.playstation.com/gs2-sec/appkgo/prod/CUSA05603_00/4/i_df9d89015883755aad18dc935828e1ab1d957c4500ec812888ac93b3a197b7b4/i/icon0.png
"DRAGON QUEST XI: Echoes of an Elusive Age",CUSA08518_00,,ps4_game,https://image.api.playstation.com/gs2-sec/appkgo/prod/CUSA08518_00/2/i_b720c1189c25136fddb46910f63f55ebdcd166ea67baeabac93abf45606156c5/i/icon0.png
"Keep Talking and Nobody Explodes",CUSA06561_00,,ps4_game,https://image.api.playstation.com/gs2-sec/appkgo/prod/CUSA06561_00/5/i_5d5ca08f3467d3631513d206fd97623818997f85dc8d6233d7ab10c1c104567b/i/icon0.png
"Assassin's Creed® Origins",CUSA05625_00,,ps4_game,https://image.api.playstation.com/gs2-sec/appkgo/prod/CUSA05625_00/3/i_1918d4f78a3ed7521b7936984d525927a03a03e241bdd3d748bfd23c104d45db/i/icon0.png
"THE PLAYROOM VR",CUSA04318_00,,ps4_game,https://image.api.playstation.com/gs2-sec/appkgo/prod/CUSA04318_00/4/i_af222a7405dfbf7575aad00fcadb4c1beecb4e96ef40085bbfc58db0a3c11031/i/icon0.png
Undertale,CUSA09415_00,,ps4_game,https://image.api.playstation.com/gs2-sec/appkgo/prod/CUSA09415_00/1/i_652ed6bafdc8ce49695cfb86a88faedfa2f31cfc4b34f4815b8b2d6ecdd330d9/i/icon0.png
"Yakuza Kiwami 2",CUSA10706_00,,ps4_game,https://image.api.playstation.com/vulcan/ap/rnd/202511/1905/bf0f377e2aa4f4f349b29e98a0dd87ba1d95fb7fa698c9f3.png
"PlayStation®VR Demo Disc",CUSA06853_00,,not_found,https://image.api.playstation.com/cdn/JP9000/CUSA05663_00/yvnlNvHOMTaugLAiTPSvPRcfIXHHAGTA.png
"Detroit: Become Human™",CUSA10345_00,,ps4_game,https://image.api.playstation.com/vulcan/img/rnd/202010/2119/wl4DB5QGzlEHAXy1KLUVgOAu.png
Roundabout,CUSA02722_00,,ps4_game,https://image.api.playstation.com/gs2-sec/appkgo/prod/CUSA02722_00/1/i_efea2ba7f81f92fdcc6f621cd0b04eac1cf0be38c11c62a40337375ea9038ceb/i/icon0.png
"Injustice 2",CUSA05459_00,,ps4_game,https://image.api.playstation.com/vulcan/img/cfn/11307yTtQHHs5rGByVI5LQJK9AvsV7Q577v082BvkKfSmBsU7lzxIutUgVvcL3eofKipLaEvL_QzCJrkhL-TREkeZScQmBUo.png
"That's You!™",CUSA02009_00,,ps4_game,https://image.api.playstation.com/gs2-sec/appkgo/prod/CUSA02009_00/2/i_01d97173875497eee84a10db23f35b6daefb13f4a999b3fa477051ecb725d116/i/icon0.png
Frantics™,CUSA09491_00,,ps4_game,https://image.api.playstation.com/gs2-sec/appkgo/prod/CUSA09491_00/4/i_521fb31251297b0b9cea78838c4e8c10346de616c9aac169ed6064030103f7ea/i/icon0.png
"Grand Theft Auto V (PlayStation®5)",CUSA00411_00,,ps4_game,https://image.api.playstation.com/vulcan/ap/rnd/202202/2816/K6mmm89oNII1iI1aqaClO0wh.png
"Foul Play",CUSA00424_00,,ps4_game,https://image.api.playstation.com/gs2-sec/appkgo/prod/CUSA00424_00/8/i_55a7c7c40ea86b5305368469ad68b51ec29b98c8fcf9a214749833aed5983bb2/i/icon0.png
"Mafia: Trilogy",CUSA03617_00,,ps4_game,https://image.api.playstation.com/vulcan/ap/rnd/202307/1422/cc8f9a5fea22800aaeed6c8b38032fcc94ab2c0c57a6746e.png
"Hasbro Family Fun Pack",CUSA03312_00,,ps4_game,https://image.api.playstation.com/gs2-sec/appkgo/prod/CUSA03312_00/3/i_55482eaccd89ea91b9d12a38611ec190bae23758de549925e763e71005aefa94/i/icon0.png
"Yakuza Kiwami",CUSA07615_00,,ps4_game,https://image.api.playstation.com/vulcan/ap/rnd/202508/0800/b180750941d664ac7410bf79b65f4acecbae2ebe02f95807.png
"Ni no Kuni™ II: Revenant Kingdom",CUSA09243_00,,ps4_game,https://image.api.playstation.com/gs2-sec/appkgo/prod/CUSA09243_00/3/i_308c9470d03aee1bb516e9198dccf31f836dd1e4d6b38c8cde5832a30e8505e9/i/icon0_01.png
"Fallout 4",CUSA02961_00,,ps4_game,https://image.api.playstation.com/vulcan/ap/rnd/202009/2419/BWMVfyxONkIAlAJVQd96qPuN.png
"PlayStation®VR Demo Disc",CUSA09159_00,,not_found,https://image.api.playstation.com/cdn/JP9000/CUSA05663_00/yvnlNvHOMTaugLAiTPSvPRcfIXHHAGTA.png
"The Illusionist-Andres Iniesta",CUSA11091_00,,ps4_nongame_mini_app,https://image.api.playstation.com/gs2-sec/appkgo/prod/CUSA11091_00/2/i_5e411c813ee97b72f30772a50ccf7e2d208d4e1d3ae83165456cf7025b7c7841/i/icon0.png
"David Attenborough's First Life",CUSA06973_00,,ps4_nongame_mini_app,https://image.api.playstation.com/gs2-sec/appkgo/prod/CUSA06973_00/5/i_8d520dfe49a727485382282912e7c5b184279f4e324aac4b0e31621abb3d361d/i/icon0.png
"Until Dawn™",CUSA00194_00,,ps4_game,https://image.api.playstation.com/vulcan/img/rnd/202010/2318/2cJRHg2UOwbvp10QxGrbX62S.png
"Beyond: Two Souls™",CUSA00513_00,,ps4_game,https://image.api.playstation.com/gs2-sec/appkgo/prod/CUSA00267_00/7/i_1256bd04612dfada764ffaef182b137b074e933ae7ea280f0d6584b5e2c8f2f9/i/icon0.png
"Q*bert: Rebooted",CUSA01296_00,,ps4_game,https://image.api.playstation.com/gs2-sec/appkgo/prod/CUSA01296_00/5/i_4bf80de376738368ba392a50b7249039684018af609d0cf4210f9c0cbf3c62aa/i/icon0.png
"Knowledge is Power™",CUSA06044_00,,ps4_game,https://image.api.playstation.com/gs2-sec/appkgo/prod/CUSA06044_00/3/i_f127557072f386d959392bfc754994963997438490f03d0ad484c6898a095ff7/i/icon0.png
"Yakuza 0",CUSA05133_00,,ps4_game,https://image.api.playstation.com/gs2-sec/appkgo/prod/CUSA05133_00/1/i_ed3b9af3bf0b3c64e2f662e54d1be23a16f91f1a1b1ee4e967926a57fc20fd45/i/icon0.png
SingStar™,CUSA00033_00,,not_found,https://image.api.playstation.com/gs2-sec/appkgo/prod/CUSA00033_00/3/i_e99bcf4848f21aeee825e0e0e730b166b9e1526bbc9c713deee49820e95be5bf/i/icon0.png
"STAR WARS™ Battlefront™ II",CUSA05749_00,,ps4_game,https://image.api.playstation.com/gs2-sec/appkgo/prod/CUSA05749_00/4/i_d1fb05cea9c9978c82fce182d4e79120430b33de101d0652ef91edf150fedb9b/i/icon0_01.png
"Sleeping Dogs",CUSA01004_00,,ps4_game,https://image.api.playstation.com/gs2-sec/appkgo/prod/CUSA01004_00/3/i_e19df39dce5f6e1b44cf87bb4eb475f2670535709feebcc19f552bd5233514b9/i/icon0.png
"Dead Nation™: Apocalypse Edition",CUSA00176_00,,ps4_game,https://image.api.playstation.com/gs2-sec/appkgo/prod/CUSA00176_00/1/i_fe757bcf5248d7b48922433439070881019299f61153c5e530ef960fd7c0e3fd/i/icon0.png
"METAL GEAR SOLID V: THE PHANTOM PAIN",CUSA01154_00,,ps4_game,https://image.api.playstation.com/vulcan/ap/rnd/202010/0205/dyvo9eGUf7WTZx49eTpQyDuL.png
"Nom Nom Galaxy",CUSA01373_00,,ps4_game,https://image.api.playstation.com/gs2-sec/appkgo/prod/CUSA01373_00/3/i_31a523fd9dc358869ed7a7100ecce929033655604cf3e26b3d97f387097fe51c/i/icon0.png
HELLDIVERS™,CUSA00231_00,,ps4_game,https://image.api.playstation.com/cdn/UP9000/CUSA00142_00/XrSGC2utIVeurXZ4JDnDIcHvbcZbUSTl.png
"J-STARS Victory VS+",CUSA01661_00,,not_found,https://image.api.playstation.com/gs2-sec/appkgo/prod/CUSA01661_00/3/i_7987da718055cc877dd7e153979d3868c27d53939ae7724f2a180b5aebdb5476/i/icon0.png
"Stories:The Path of Destinies",CUSA04104_00,,ps4_game,https://image.api.playstation.com/gs2-sec/appkgo/prod/CUSA04104_00/2/i_e9f43b97d299800cc6418bf93181c6f8773c5bd0a59484349a78623ab342e520/i/icon0.png
Broforce,CUSA03887_00,,ps4_game,https://image.api.playstation.com/vulcan/ap/rnd/202010/1206/ZBrZdWMpe8J5dHsXfJxWsGHr.png
"Don't Starve: Console Edition",CUSA00327_00,,ps4_game,https://image.api.playstation.com/gs2-sec/appkgo/prod/CUSA00327_00/1/i_9ff9b92062a57c9d641671bbc9d1b24a5f9f159acb727e65e7dfad930072cefe/i/icon0.png
"Hidden Agenda",CUSA06778_00,,ps4_game,https://image.api.playstation.com/gs2-sec/appkgo/prod/CUSA06778_00/5/i_086c8e96dbc2da26eeab7dfa8a55b99adaf1e4e41bfccf6e80dc4c279fd17203/i/icon0.png
"Uncanny Valley",CUSA03323_00,,ps4_game,https://image.api.playstation.com/gs2-sec/appkgo/prod/CUSA03323_00/3/i_242175e0f3857c4d6d40e8e65e521bd264b132acec2f79b6d66e8841c6bfedc4/i/icon0.png
"Kung Fu Panda: Showdown of Legendary Legends",CUSA02591_00,,not_found,https://image.api.playstation.com/gs2-sec/appkgo/prod/CUSA02411_00/6/i_d94b249bbfcaeaaf402450fc0d84211f45f80a4799deeb8bcc2f54506d2496ba/i/icon0.png
Fortnite,CUSA07669_00,,ps4_game,https://image.api.playstation.com/vulcan/ap/rnd/202601/0621/9c897649acb3bbeab614b31f88e9ad590f1593398f549139.png
"FINAL FANTASY Ⅻ THE ZODIAC AGE",CUSA05531_00,,ps4_game,https://image.api.playstation.com/gs2-sec/appkgo/prod/CUSA05531_00/1/i_8b5c96052ad7484202eced5b6a31f5613f426cf00bbdd4a2804e43ce4656f706/i/icon0.png
"Worms Battlegrounds",CUSA00824_00,,ps4_game,https://image.api.playstation.com/gs2-sec/appkgo/prod/CUSA00824_00/2/i_2ead5743178ec6f3bb9f0e6a9a030a40eeea47b701568492b2575f2e3c1399ac/i/icon0.png
"UNCHARTED: Legacy of Thieves Collection",CUSA07875_00,,ps4_game,https://image.api.playstation.com/vulcan/ap/rnd/202111/2000/gTUWTlvPHzxFJ2JAxtDyI2eS.png
"Batman™: Arkham VR",CUSA05340_00,,ps4_game,https://image.api.playstation.com/gs2-sec/appkgo/prod/CUSA05340_00/3/i_d260e5681e9af29a723a43277c489acaeb91fc32a83689e3fca05a0e4c8f16f0/i/icon0.png
"RESIDENT EVIL 7 biohazard",CUSA06799_00,,ps4_game,https://image.api.playstation.com/vulcan/ap/rnd/202206/0207/V6IViuKogBMRtajqjnYrcj0e.png
"Game of Thrones",CUSA01427_00,,not_found,https://image.api.playstation.com/gs2-sec/appkgo/prod/CUSA01427_00/13/i_69cf426c6987a08a06bf6658798f9220074942b025a70d3bd0457cc6a2b912c1/i/icon0.png
"BATMAN™: ARKHAM KNIGHT",CUSA00135_00,,ps4_game,https://image.api.playstation.com/gs2-sec/acpkgo/prod/CUSA00133_00/374/i_21516ca32977519346e7b5cbf52fcadf722998b0d0a781fbeeea687cd3dca173/i/icon0.png
"Ninja Senki DX",CUSA03796_00,,ps4_game,https://image.api.playstation.com/gs2-sec/appkgo/prod/CUSA03796_00/3/i_2cc762afafe0d51ef73a12618b169b41bc34ae41729b91ba8489328cadc0dbd6/i/icon0.png
"Sky Force Anniversary",CUSA04411_00,,ps4_game,https://image.api.playstation.com/gs2-sec/appkgo/prod/CUSA04411_00/6/i_8f958554fb80fcf5b75e4d223a9aa3ae4f48db0f4d7cdf1357487569d622d9cc/i/icon0.png
"GRAVITY RUSH™ 2",CUSA04943_00,,ps4_game,https://image.api.playstation.com/vulcan/img/rnd/202010/2320/UQRzoZKzI3PjOYfPa2XOqS19.png
"Sherlock Holmes: Crimes and Punishments",CUSA00469_00,,not_found,https://image.api.playstation.com/gs2-sec/appkgo/prod/CUSA00469_00/3/i_75978d4bf3ab02b3c0f356f6ac95ee328257f68c0e01f859fa4e74b1182abc6d/i/icon0.png
"10 Second Ninja X",CUSA04692_00,,ps4_game,https://image.api.playstation.com/gs2-sec/appkgo/prod/CUSA04692_00/2/i_b5e420ba47dfa983ddc6ef2ad18ec8d381e02649d100568088f5e1ad2db1c63d/i/icon0.png
"FINAL FANTASY VII",CUSA01847_00,,ps4_game,https://image.api.playstation.com/gs2-sec/appkgo/prod/CUSA01847_00/1/i_7ef731a0ce915a8aeeb22cf7d717f8ce6db942d38dcc30a8bb63810137f83fb4/i/icon0.png
"Hatoful Boyfriend",CUSA01918_00,,ps4_game,https://image.api.playstation.com/gs2-sec/appkgo/prod/CUSA01918_00/5/i_b558e37c24dadf54a9e884e88dc92ed6e90e0f3b1ac43724ebd6bd15b193bb48/i/icon0.png
"Day of the Tentacle Remastered",CUSA01959_00,,ps4_game,https://image.api.playstation.com/gs2-sec/appkgo/prod/CUSA01959_00/3/i_5412046c8cb19929ad71d376ff22a2bb7c03853b2dddb368aa62b2426476cdcb/i/icon0.png
"The Last of Us™ Remastered",CUSA00556_00,,ps4_game,https://image.api.playstation.com/vulcan/img/rnd/202011/1020/FKgazVvG7BcWouCr39mIiXkW.png
Plex,CUSA01703_00,,ps4_videoservice_web_app,https://image.api.playstation.com/gs2-sec/appkgo/prod/CUSA01703_00/1/i_d184889a2cf32608e780747e3abb3b548a14311a37313f42cb9b2ccc431d3481/i/icon0.png
TorqueL,CUSA02065_00,,ps4_game,https://image.api.playstation.com/gs2-sec/appkgo/prod/CUSA02065_00/5/i_9d91bb7421113c163fe0a99a6f63f8afde9e85eca519eaad47fafd763748909d/i/icon0.png
"Persona 5",CUSA06638_00,,ps4_game,https://image.api.playstation.com/gs2-sec/appkgo/prod/CUSA06638_00/2/i_5e687f798b89158348af41505923859c110c0ba4010fc7c949d8cffaa5743510/i/icon0.png
"Spider-Man: Homecoming VR",CUSA08585_00,,ps4_nongame_mini_app,https://image.api.playstation.com/gs2-sec/appkgo/prod/CUSA08585_00/2/i_824e87ab2c3c06886d79633303f574a5f398e84dd8aaa8c2ab15a0971918739f/i/icon0.png
"Injustice: Gods Among Us Ultimate Edition",CUSA00051_00,,ps4_game,https://image.api.playstation.com/gs2-sec/appkgo/prod/CUSA00051_00/3/i_710458194e8e9c9c83b69e9adac49e253269dc550787e946ef25dc0030c89136/i/icon0.png
"STAR WARS™ Battlefront™",CUSA00634_00,,ps4_game,https://image.api.playstation.com/gs2-sec/appkgo/prod/CUSA00634_00/3/i_bd22c9c5ff495c10c426c43b96fdbaf5766a8c7cf9cb11996283ced3402d9292/i/icon0_01.png
"Until Dawn™: Rush of Blood",CUSA02350_00,,ps4_game,https://image.api.playstation.com/gs2-sec/appkgo/prod/CUSA02350_00/6/i_8739b21fea54c2b15cd27ee46ed504efab9d9546f158a00180e3d490de48951b/i/icon0.png
Invasion!,CUSA06761_00,,ps4_nongame_mini_app,https://image.api.playstation.com/gs2-sec/appkgo/prod/CUSA06761_00/4/i_1d36318baee2f4dae2d39225c07391067c02195ee4bffd6c5657bc8d8f266c85/i/icon0_01.png
"THE PLAYROOM",CUSA00001_00,,not_found,https://image.api.playstation.com/gs2-sec/appkgo/prod/CUSA00001_00/1/i_f10c33e5f30e3b3900a201af324a2a0e3912e843c1090d66e13f378151c1afa1/i/icon0.png
ALIENATION™,CUSA00062_00,,ps4_game,https://image.api.playstation.com/gs2-sec/appkgo/prod/CUSA00062_00/5/i_df944ec008a8463f1ca3b0a99d6c2ae2250a23d06b748d26c190326479ca456a/i/icon0.png
"Battlefield 4™",CUSA00049_00,,ps4_game,https://image.api.playstation.com/gs2-sec/appkgo/prod/CUSA00049_00/3/i_3836dd7afcf43e5ec1e276f0db327ada1fc7d63fbda8e701aebc73fa29446b54/i/icon0_01.png
"RESIDENT EVIL 7 biohazard",CUSA04767_00,,ps4_game,https://image.api.playstation.com/vulcan/ap/rnd/202206/0207/V6IViuKogBMRtajqjnYrcj0e.png
Lumo,CUSA03923_00,,ps4_game,https://image.api.playstation.com/gs2-sec/appkgo/prod/CUSA03923_00/4/i_1f54a5f3a1c1ab6bddf7fb5abcba6277ed7bb2c3a5ef391fc8049f8f2e9cd39c/i/icon0.png
"Shovel Knight: Treasure Trove",CUSA01976_00,,ps4_game,https://image.api.playstation.com/gs2-sec/appkgo/prod/CUSA01976_00/3/i_daa3cec09b39bf450dfd5de2155ada637123c001438d5f68edf50dc9038d33b5/i/icon0.png
NOS,CUSA02993_00,,ps4_videoservice_web_app,https://image.api.playstation.com/gs2-sec/appkgo/prod/CUSA02993_00/2/i_991f879dd83923af7035d14bcb22b550e92a7390dc9a963c217270959cd9a046/i/icon0.png
"CYBER DANGANRONPA VR THE CLASS TRIAL",CUSA07121_00,,not_found,https://image.api.playstation.com/gs2-sec/appkgo/prod/CUSA07121_00/1/i_f7c74192df3ff9dfe28b0e1c276671ca4731cefbf7b8fd7daf141876e5f4f996/i/icon0.png
"Disc Jam™",CUSA07970_00,,ps4_game,https://image.api.playstation.com/gs2-sec/appkgo/prod/CUSA07970_00/1/i_cc5c7963f80a7dde4096166b7131526e4c9944cacca44b48393bf22a464e2e5c/i/icon0.png
"Mortal Kombat X",CUSA03679_00,,ps4_game,https://image.api.playstation.com/cdn/UP1018/CUSA00967_00/95B3EIOEjU0DPK5V5ltFAWlW9KYtZVP7ZbB5ofWactS47y5BWTkwN1MujcdezNZ4.png
VEVO,CUSA01692_00,,not_found,https://image.api.playstation.com/gs2-sec/appkgo/prod/CUSA02573_00/3/i_ede47e295d67dc5ca8b83449df88e210b729f694a9072acc7754512a3fd13cdd/i/icon0.png
"The Swindle",CUSA02311_00,,ps4_game,https://image.api.playstation.com/gs2-sec/appkgo/prod/CUSA02311_00/2/i_9648c8fa43a4b35a004f803e51a93880fe83875765b233fa1c517234e719dfee/i/icon0.png
"Let It Die",CUSA06040_00,,ps4_game,https://image.api.playstation.com/vulcan/img/rnd/202010/0813/pEJZPjigc0ldwcUVapKjsnVz.png
"PaRappa The Rapper™ Remastered",CUSA07203_00,,ps4_game,https://image.api.playstation.com/gs2-sec/appkgo/prod/CUSA07172_00/2/i_65b0e4760516864e71d2e4bb288755d404d6020f34c064139ea45ba878775a98/i/icon0.png
"Call of Duty®: Infinite Warfare",CUSA06828_00,,ps4_game,https://image.api.playstation.com/gs2-sec/appkgo/prod/CUSA05282_00/2/i_0c05cf0c4b4f8af425c718faed3ee943fd87e5d5cf51e7e1fc8f26ffc29a2627/i/icon0.png
"inFAMOUS™ Second Son",CUSA00004_00,,ps4_game,https://image.api.playstation.com/vulcan/img/rnd/202011/0700/enLAr4eVGBxWjrHh5nLTUSnn.png
Bound,CUSA04380_00,,ps4_game,https://image.api.playstation.com/gs2-sec/appkgo/prod/CUSA04380_00/1/i_3cf91b6225a5b57379a69e8107f9e90ea4dcac57a33749142aae19b301220e8f/i/icon0.png
Tethered,CUSA06529_00,,ps4_game,https://image.api.playstation.com/gs2-sec/appkgo/prod/CUSA06529_00/5/i_7297e199e74e63b03539e732df1187acc5629af1dbcce74329fa7c1377eb308b/i/icon0.png
"Fat Princess Adventures™",CUSA00836_00,,ps4_game,https://image.api.playstation.com/gs2-sec/appkgo/prod/CUSA00836_00/1/i_8fa46a80e9e8e105deab20f72d7fc010e06ccc3f887306b0564753b085dae69f/i/icon0.png
"Outlast 2",CUSA06632_00,,ps4_game,https://image.api.playstation.com/gs2-sec/appkgo/prod/CUSA06633_00/3/i_d608871643e7c4aa9b73ee8114ae527eff3548be4ac24e0053e3ceed1b903ff0/i/icon0.png
"Hatsune Miku: VR Future Live",CUSA05950_00,,ps4_game,https://image.api.playstation.com/gs2-sec/appkgo/prod/CUSA05930_00/1/i_7188bda1444eda1816eaa47c457c4530076517e335437ab9138f7235b219df59/i/icon0.png
"PlayStation®VR Demo Disc",CUSA04821_00,,not_found,https://image.api.playstation.com/cdn/JP9000/CUSA05663_00/yvnlNvHOMTaugLAiTPSvPRcfIXHHAGTA.png
"Table Top Racing: World Tour",CUSA01498_00,,ps4_game,https://image.api.playstation.com/gs2-sec/appkgo/prod/CUSA01498_00/7/i_1507d4c30ff42cb5c3db741f0575c2bdc1aaad7ab4308e8694e753950dc6a010/i/icon0.png
"Tropico 5",CUSA01123_00,,ps4_game,https://image.api.playstation.com/vulcan/ap/rnd/202010/0510/G3L3e6yPKIO2NjADDVBUBmpx.png
"Ape Escape™ 2",CUSA02269_00,,ps4_game,https://image.api.playstation.com/gs2-sec/appkgo/prod/CUSA02269_00/1/i_2ea6cabebf77753d7025944a762d47cccc0f2ddd6ffafebedb1d9b6a3a676194/i/icon0.png
"Grow Up",CUSA05124_00,,ps4_game,https://image.api.playstation.com/gs2-sec/appkgo/prod/CUSA05124_00/3/i_de55812ff9c2610c004cbba361b0ce03f6043341c277bb3c2a1096ba6554fe75/i/icon0.png
"Star Wars™: Racer Revenge™",CUSA03492_00,,ps4_game,https://image.api.playstation.com/gs2-sec/appkgo/prod/CUSA03492_00/1/i_820e490bec82d1a7cf793095512a96ea99f7cf8c455105bb5e6ac36cad1e294a/i/icon0.png
"LEGO® Jurassic World™",CUSA01519_00,,ps4_game,https://image.api.playstation.com/gs2-sec/appkgo/prod/CUSA01519_00/2/i_ea3e909586597ea1251820b35d0306cfdff8673462298620d69b92489861d830/i/icon0.png
"Saints Row: Gat out of Hell",CUSA00939_00,,ps4_game,https://image.api.playstation.com/gs2-sec/appkgo/prod/CUSA00939_00/5/i_aa18897c2e411d81b5e3803d4c1e7174d611049284cb42267b238e5a56a9dd15/i/icon0.png
"LEGO® STAR WARS™: The Force Awakens",CUSA03396_00,,ps4_game,https://image.api.playstation.com/gs2-sec/appkgo/prod/CUSA03397_00/2/i_aa926e49cd08015c3a5fb80ea0c53ef324806f5e3f4a537d8d656ad467ea242d/i/icon0.png
"Gone Home",CUSA01223_00,,ps4_game,https://image.api.playstation.com/gs2-sec/appkgo/prod/CUSA01223_00/1/i_0f5d11086814e32fc141fd2f82f507a4f24d91097bae6eff1861a9a2109c78a7/i/icon0.png
"Tales from the Borderlands",CUSA00860_00,,not_found,https://image.api.playstation.com/vulcan/img/rnd/202102/1520/rjKGCwbSyZOZEcWgtOLcvtN7.png
"inFAMOUS™ First Light",CUSA00897_00,,ps4_game,https://image.api.playstation.com/gs2-sec/appkgo/prod/CUSA00897_00/2/i_539fefc183c2c78c12eab11fbafc63838a0fc76e8bc9442eed93f16bcf5696ae/i/icon0.png
RaceTheSun,CUSA01129_00,,ps4_game,https://image.api.playstation.com/gs2-sec/appkgo/prod/CUSA01129_00/4/i_ce95701f7c5424bb49ba3841df7a238357f6747dfc7d8df0d777de03a4adeead/i/icon0.png
"Gravity Rush™ Remastered",CUSA01113_00,,ps4_game,https://image.api.playstation.com/vulcan/img/rnd/202010/2320/2lfQr4uLgI8usrz5anG6a9wC.png
"Rogue Galaxy™",CUSA02271_00,,ps4_game,https://image.api.playstation.com/gs2-sec/appkgo/prod/CUSA02271_00/1/i_cdac9fd18e6fab7ef260e07fe94ba4ce3fb2d561cd09df2822cf8d5071d2f309/i/icon0.png
IGN,CUSA00268_00,,ps4_videoservice_web_app,https://image.api.playstation.com/gs2-sec/appkgo/prod/CUSA00268_00/2/i_55e0f93a88ede6d1edde25ac8a8245c523abafe164e56aada700de25c1519b2d/i/icon0.png
"UNCHARTED: Legacy of Thieves Collection",CUSA04051_00,,ps4_game,https://image.api.playstation.com/vulcan/ap/rnd/202111/2000/gTUWTlvPHzxFJ2JAxtDyI2eS.png
"Goosebumps: The Game",CUSA02650_00,,ps4_game,https://image.api.playstation.com/gs2-sec/appkgo/prod/CUSA02650_00/8/i_d607f782d35e80b647a28ebd164b08cea51fecd880db48dc35ec1d5d79196886/i/icon0.png
"Child of Light",CUSA00074_00,,ps4_game,https://image.api.playstation.com/gs2-sec/appkgo/prod/CUSA00385_00/8/i_8c457d2539bfcfe548218ce9adad88fe76e8282997ac075f1dafe9b97aac0323/i/icon0.png
Teslagrad,CUSA01434_00,,ps4_game,https://image.api.playstation.com/gs2-sec/appkgo/prod/CUSA01434_00/8/i_cee07c4f8353ed82fbc71f9205f2072dbbefd9fa94673f834772bbd3e33bb394/i/icon0.png
"The Witness",CUSA04263_00,,ps4_game,https://image.api.playstation.com/vulcan/img/rnd/202010/0113/odtNAKyNgLbrNsRpjwJ0kOQS.png
"Broken Age",CUSA01963_00,,ps4_game,https://image.api.playstation.com/gs2-sec/appkgo/prod/CUSA01963_00/2/i_230d6d853ee6f70b23313b79eef3f791a59d89e147ab8bd66b06fdef336a51df/i/icon0.png
"FINAL FANTASY X/X-2 HD Remaster",CUSA01244_00,,ps4_game,https://image.api.playstation.com/gs2-sec/appkgo/prod/CUSA01244_00/2/i_05ea784339e474ebd57f9f37b27d08bbc5f934dd3f5e7151df127f25c349a1af/i/icon0.png
DRIVECLUB™,CUSA00003_00,,not_found,https://image.api.playstation.com/gs2-sec/appkgo/prod/CUSA00003_00/20/i_54ce0ebbc21f325364819a5e56ef19264803b3935e8442c4bccbda99abef8605/i/icon0.png
"Wolfenstein®: The New Order",CUSA00320_00,,ps4_game,https://image.api.playstation.com/vulcan/ap/rnd/202009/3004/ZKYzTfaw4UrsLLt6VjYGwh5r.png
"FINAL FANTASY TYPE-0 HD",CUSA00937_00,,ps4_game,https://image.api.playstation.com/gs2-sec/appkgo/prod/CUSA00937_00/3/i_ffe7af2da2111a951ea4fb31e6b84915ba99a3460f3778640db23b40b6c258b2/i/icon0.png
"Everybody's Gone To The Rapture™",CUSA01511_00,,ps4_game,https://image.api.playstation.com/gs2-sec/appkgo/prod/CUSA01511_00/1/i_5a394b605b2c7d7bf952ec158387fd380ecdd47da4c0621d4d7a5a77da79bc59/i/icon0.png
"Ether One",CUSA02502_00,,ps4_game,https://image.api.playstation.com/gs2-sec/appkgo/prod/CUSA02502_00/7/i_e3fbeef92b65c5641f2daaea4c18aac45f9dae8c015e138a437e5b887a823e74/i/icon0.png
Spelunky,CUSA00491_00,,ps4_game,https://image.api.playstation.com/vulcan/img/rnd/202109/2907/zMDbJHMRWEA3dfC3XRqaB7n8.png
Journey,CUSA00470_00,,ps4_game,https://image.api.playstation.com/vulcan/img/rnd/202010/2917/Cj8ngIRc3MB1uhNR40BQhzXv.png
"Uncharted™: The Nathan Drake Collection",CUSA02343_00,,ps4_game,https://image.api.playstation.com/vulcan/img/rnd/202011/1101/zC3kulm2Ho3ZE38ZUYHW7WMK.png
"Plants vs Zombies Garden Warfare",CUSA00485_00,,ps4_game,https://image.api.playstation.com/gs2-sec/appkgo/prod/CUSA00485_00/4/i_8becb980569367338130d8de90a075abb364afe8b1262a4fd87fca3fef69cec5/i/icon0_01.png
Contrast,CUSA00226_00,,ps4_game,https://image.api.playstation.com/gs2-sec/appkgo/prod/CUSA00226_00/2/i_36c9bfbe0c30f0d224b225aee6a274b3589cf7e6f4e66fb87396126776ca9b8b/i/icon0_01.png
"DRAGON QUEST HEROES: The World Tree's Woe and the Blight Below",CUSA02694_00,,ps4_game,https://image.api.playstation.com/gs2-sec/appkgo/prod/CUSA02694_00/2/i_02889dde43b8e4d939350ffb3e23a4a7b1f11df6659f58b2f6b3cbaec3ca1cb4/i/icon0.png
"Uncharted™: The Nathan Drake Collection",CUSA03331_00,,ps4_game,https://image.api.playstation.com/vulcan/img/rnd/202011/1101/zC3kulm2Ho3ZE38ZUYHW7WMK.png
"ONE PIECE: PIRATE WARRIORS 3",CUSA01742_00,,ps4_game,https://image.api.playstation.com/gs2-sec/appkgo/prod/CUSA01742_00/2/i_d9eb6e5026763356bf20cbeb09fb65d9b11b4a9f5d42aad6be7214c098c7d105/i/icon0.png
Transistor,CUSA00642_00,,ps4_game,https://image.api.playstation.com/gs2-sec/appkgo/prod/CUSA00642_00/1/i_7e6035fe8bde201d711e0a5090ebe1ad5e5607cf2b4499b870c3204fc04e082f/i/icon0.png
"The Witcher 3: Wild Hunt",CUSA01440_00,,ps4_game,https://image.api.playstation.com/vulcan/ap/rnd/202211/1412/5YlA3POEEpaAJsUq3eg6U8d6.png
NOS,CUSA00120_00,,ps4_videoservice_web_app,https://image.api.playstation.com/gs2-sec/appkgo/prod/CUSA02993_00/2/i_991f879dd83923af7035d14bcb22b550e92a7390dc9a963c217270959cd9a046/i/icon0.png
Hohokum,CUSA00143_00,,ps4_game,https://image.api.playstation.com/gs2-sec/appkgo/prod/CUSA00143_00/1/i_d777c77eec080ba5bdc8251e576e1bc5476432c0704d35d326094bd69eeba2b6/i/icon0.png
"Skulls of the Shogun",CUSA02189_00,,ps4_game,https://image.api.playstation.com/gs2-sec/appkgo/prod/CUSA02189_00/7/i_fe8a98af9285a40e38ae50d3ba5152b98a10527a6a98605880af8500cb1b8dbc/i/icon0.png
"OlliOlli2: Welcome to Olliwood",CUSA00709_00,,ps4_game,https://image.api.playstation.com/gs2-sec/appkgo/prod/CUSA00709_00/4/i_dad4e1e505e15eacdd6749eb123c746515339367e8184386c07f0389e78369b9/i/icon0.png
"Valiant Hearts: The Great War",CUSA00479_00,,ps4_game,https://image.api.playstation.com/gs2-sec/appkgo/prod/CUSA00479_00/1/i_38455b7ae8315e30ce20121a26636553dde9d6465d91b69ad8f6ce02ee11dc6d/i/icon0.png
"Pier Solar and the Great Architects",CUSA01467_00,,ps4_game,https://image.api.playstation.com/gs2-sec/appkgo/prod/CUSA01467_00/2/i_f419bebfca4e03d52cbcdcc13cfd7942a62715a4b0be883ec231bfd0cc62f56a/i/icon0.png
"Middle-earth™: Shadow of Mordor™",CUSA00053_00,,ps4_game,https://image.api.playstation.com/gs2-sec/appkgo/prod/CUSA00053_00/5/i_9cfbf49ba8841d02495fca9ad0e0d065a4bc4d1113b7f51c9bfe21fccdf9d719/i/icon0.png
"Titan Attacks!",CUSA00335_00,,ps4_game,https://image.api.playstation.com/gs2-sec/appkgo/prod/CUSA00323_00/2/i_973a09a5b7ccdaf84faa4fe9c5a4ebd8356b840da230b3ffca464dab90061619/i/icon0.png
"Secret Ponchos",CUSA01472_00,,ps4_game,https://image.api.playstation.com/gs2-sec/appkgo/prod/CUSA01472_00/2/i_c78c44fdd48764b416359dadfd7bfa228ff8b6fe59d985a492184238b1cee13d/i/icon0.png
"Headset Companion",CUSA00468_00,,ps4_nongame_mini_app,https://image.api.playstation.com/gs2-sec/appkgo/prod/CUSA03386_00/1/i_9fe8e6b185a71d9b7c93bcc9cd93f8e7036c9330217cf1d67e91596f6d1373d9/i/icon0.png
"SteamWorld Dig",CUSA00499_00,,ps4_game,https://image.api.playstation.com/gs2-sec/appkgo/prod/CUSA00499_00/1/i_453bd8378bba3bc98e4dd67fd1c6b0deac20358c87de17c0a6e6cb23718f5540/i/icon0.png
RESOGUN™,CUSA00005_00,,ps4_game,https://image.api.playstation.com/gs2-sec/appkgo/prod/CUSA00005_00/4/i_4991468c8caf373687f6189b1995f7cb3bb7cb7c1e3a5490b630538297a04333/i/icon0.png
